-20,-13,L+ddVs3GgC45Lph4szUEYY0nXGo=,R8YrpMXQQJrDGmGKWWInGXT+dco=
-21,-13,L+ddVs3GgC45Lph4szUEYY0nXGo=,R8YrpMXQQJrDGmGKWWInGXT+dco=
-22,-13,L+ddVs3GgC45Lph4szUEYY0nXGo=,R8YrpMXQQJrDGmGKWWInGXT+dco=
-23,-13,L+ddVs3GgC45Lph4szUEYY0nXGo=,R8YrpMXQQJrDGmGKWWInGXT+dco=
-24,-13,L+ddVs3GgC45Lph4szUEYY0nXGo=,R8YrpMXQQJrDGmGKWWInGXT+dco=
-17,-14,L+ddVs3GgC45Lph4szUEYY0nXGo=,R8YrpMXQQJrDGmGKWWInGXT+dco=
-18,-14,L+ddVs3GgC45Lph4szUEYY0nXGo=,R8YrpMXQQJrDGmGKWWInGXT+dco=
-19,-14,L+ddVs3GgC45Lph4szUEYY0nXGo=,R8YrpMXQQJrDGmGKWWInGXT+dco=
-20,-14,L+ddVs3GgC45Lph4szUEYY0nXGo=,R8YrpMXQQJrDGmGKWWInGXT+dco=
-17,-10,L+ddVs3GgC45Lph4szUEYY0nXGo=,R8YrpMXQQJrDGmGKWWInGXT+dco=
-18,-10,L+ddVs3GgC45Lph4szUEYY0nXGo=,R8YrpMXQQJrDGmGKWWInGXT+dco=
-21,-14,L+ddVs3GgC45Lph4szUEYY0nXGo=,R8YrpMXQQJrDGmGKWWInGXT+dco=
-19,-10,L+ddVs3GgC45Lph4szUEYY0nXGo=,R8YrpMXQQJrDGmGKWWInGXT+dco=
-20,-10,L+ddVs3GgC45Lph4szUEYY0nXGo=,R8YrpMXQQJrDGmGKWWInGXT+dco=
-22,-14,L+ddVs3GgC45Lph4szUEYY0nXGo=,R8YrpMXQQJrDGmGKWWInGXT+dco=
-23,-14,L+ddVs3GgC45Lph4szUEYY0nXGo=,R8YrpMXQQJrDGmGKWWInGXT+dco=
-21,-10,L+ddVs3GgC45Lph4szUEYY0nXGo=,R8YrpMXQQJrDGmGKWWInGXT+dco=
-24,-14,L+ddVs3GgC45Lph4szUEYY0nXGo=,R8YrpMXQQJrDGmGKWWInGXT+dco=
-22,-10,L+ddVs3GgC45Lph4szUEYY0nXGo=,R8YrpMXQQJrDGmGKWWInGXT+dco=
-23,-10,L+ddVs3GgC45Lph4szUEYY0nXGo=,R8YrpMXQQJrDGmGKWWInGXT+dco=
-24,-10,L+ddVs3GgC45Lph4szUEYY0nXGo=,R8YrpMXQQJrDGmGKWWInGXT+dco=
-17,-11,L+ddVs3GgC45Lph4szUEYY0nXGo=,R8YrpMXQQJrDGmGKWWInGXT+dco=
-17,-15,L+ddVs3GgC45Lph4szUEYY0nXGo=,R8YrpMXQQJrDGmGKWWInGXT+dco=
-18,-11,L+ddVs3GgC45Lph4szUEYY0nXGo=,R8YrpMXQQJrDGmGKWWInGXT+dco=
-18,-15,L+ddVs3GgC45Lph4szUEYY0nXGo=,R8YrpMXQQJrDGmGKWWInGXT+dco=
-19,-15,L+ddVs3GgC45Lph4szUEYY0nXGo=,R8YrpMXQQJrDGmGKWWInGXT+dco=
-20,-15,L+ddVs3GgC45Lph4szUEYY0nXGo=,R8YrpMXQQJrDGmGKWWInGXT+dco=
-21,-15,L+ddVs3GgC45Lph4szUEYY0nXGo=,R8YrpMXQQJrDGmGKWWInGXT+dco=
-22,-15,L+ddVs3GgC45Lph4szUEYY0nXGo=,R8YrpMXQQJrDGmGKWWInGXT+dco=
-23,-15,L+ddVs3GgC45Lph4szUEYY0nXGo=,R8YrpMXQQJrDGmGKWWInGXT+dco=
-24,-15,L+ddVs3GgC45Lph4szUEYY0nXGo=,R8YrpMXQQJrDGmGKWWInGXT+dco=
-17,-16,L+ddVs3GgC45Lph4szUEYY0nXGo=,R8YrpMXQQJrDGmGKWWInGXT+dco=
-18,-16,L+ddVs3GgC45Lph4szUEYY0nXGo=,R8YrpMXQQJrDGmGKWWInGXT+dco=
-19,-16,L+ddVs3GgC45Lph4szUEYY0nXGo=,R8YrpMXQQJrDGmGKWWInGXT+dco=
-20,-16,L+ddVs3GgC45Lph4szUEYY0nXGo=,R8YrpMXQQJrDGmGKWWInGXT+dco=
-21,-16,L+ddVs3GgC45Lph4szUEYY0nXGo=,R8YrpMXQQJrDGmGKWWInGXT+dco=
-22,-16,L+ddVs3GgC45Lph4szUEYY0nXGo=,R8YrpMXQQJrDGmGKWWInGXT+dco=
-23,-16,L+ddVs3GgC45Lph4szUEYY0nXGo=,R8YrpMXQQJrDGmGKWWInGXT+dco=
-24,-16,L+ddVs3GgC45Lph4szUEYY0nXGo=,R8YrpMXQQJrDGmGKWWInGXT+dco=
-19,-11,L+ddVs3GgC45Lph4szUEYY0nXGo=,R8YrpMXQQJrDGmGKWWInGXT+dco=
-20,-11,L+ddVs3GgC45Lph4szUEYY0nXGo=,R8YrpMXQQJrDGmGKWWInGXT+dco=
-21,-11,L+ddVs3GgC45Lph4szUEYY0nXGo=,R8YrpMXQQJrDGmGKWWInGXT+dco=
-22,-11,L+ddVs3GgC45Lph4szUEYY0nXGo=,R8YrpMXQQJrDGmGKWWInGXT+dco=
-23,-11,L+ddVs3GgC45Lph4szUEYY0nXGo=,R8YrpMXQQJrDGmGKWWInGXT+dco=
-24,-11,L+ddVs3GgC45Lph4szUEYY0nXGo=,R8YrpMXQQJrDGmGKWWInGXT+dco=
-17,-12,L+ddVs3GgC45Lph4szUEYY0nXGo=,R8YrpMXQQJrDGmGKWWInGXT+dco=
-18,-12,L+ddVs3GgC45Lph4szUEYY0nXGo=,R8YrpMXQQJrDGmGKWWInGXT+dco=
-19,-12,L+ddVs3GgC45Lph4szUEYY0nXGo=,R8YrpMXQQJrDGmGKWWInGXT+dco=
-20,-12,L+ddVs3GgC45Lph4szUEYY0nXGo=,R8YrpMXQQJrDGmGKWWInGXT+dco=
-21,-12,L+ddVs3GgC45Lph4szUEYY0nXGo=,R8YrpMXQQJrDGmGKWWInGXT+dco=
-22,-12,L+ddVs3GgC45Lph4szUEYY0nXGo=,R8YrpMXQQJrDGmGKWWInGXT+dco=
-23,-12,L+ddVs3GgC45Lph4szUEYY0nXGo=,R8YrpMXQQJrDGmGKWWInGXT+dco=
-24,-12,L+ddVs3GgC45Lph4szUEYY0nXGo=,R8YrpMXQQJrDGmGKWWInGXT+dco=
-17,-13,L+ddVs3GgC45Lph4szUEYY0nXGo=,R8YrpMXQQJrDGmGKWWInGXT+dco=
-18,-13,L+ddVs3GgC45Lph4szUEYY0nXGo=,R8YrpMXQQJrDGmGKWWInGXT+dco=
-19,-13,L+ddVs3GgC45Lph4szUEYY0nXGo=,R8YrpMXQQJrDGmGKWWInGXT+dco=
-24,-6,L+ddVs3GgC45Lph4szUEYY0nXGo=,j1HiRWApcFhrfC03tRqmjhJTNss=
-18,-9,L+ddVs3GgC45Lph4szUEYY0nXGo=,R8YrpMXQQJrDGmGKWWInGXT+dco=
-19,-9,L+ddVs3GgC45Lph4szUEYY0nXGo=,R8YrpMXQQJrDGmGKWWInGXT+dco=
-20,-9,L+ddVs3GgC45Lph4szUEYY0nXGo=,R8YrpMXQQJrDGmGKWWInGXT+dco=
-21,-5,L+ddVs3GgC45Lph4szUEYY0nXGo=,j1HiRWApcFhrfC03tRqmjhJTNss=
-20,-1,L+ddVs3GgC45Lph4szUEYY0nXGo=,j1HiRWApcFhrfC03tRqmjhJTNss=
-22,-9,L+ddVs3GgC45Lph4szUEYY0nXGo=,R8YrpMXQQJrDGmGKWWInGXT+dco=
-21,-1,L+ddVs3GgC45Lph4szUEYY0nXGo=,j1HiRWApcFhrfC03tRqmjhJTNss=
-23,-9,L+ddVs3GgC45Lph4szUEYY0nXGo=,R8YrpMXQQJrDGmGKWWInGXT+dco=
-22,-1,L+ddVs3GgC45Lph4szUEYY0nXGo=,j1HiRWApcFhrfC03tRqmjhJTNss=
-24,-9,L+ddVs3GgC45Lph4szUEYY0nXGo=,R8YrpMXQQJrDGmGKWWInGXT+dco=
-23,-1,L+ddVs3GgC45Lph4szUEYY0nXGo=,j1HiRWApcFhrfC03tRqmjhJTNss=
-24,-1,L+ddVs3GgC45Lph4szUEYY0nXGo=,j1HiRWApcFhrfC03tRqmjhJTNss=
-19,-6,L+ddVs3GgC45Lph4szUEYY0nXGo=,j1HiRWApcFhrfC03tRqmjhJTNss=
-20,-6,L+ddVs3GgC45Lph4szUEYY0nXGo=,j1HiRWApcFhrfC03tRqmjhJTNss=
-18,-1,L+ddVs3GgC45Lph4szUEYY0nXGo=,j1HiRWApcFhrfC03tRqmjhJTNss=
-21,-8,L+ddVs3GgC45Lph4szUEYY0nXGo=,j1HiRWApcFhrfC03tRqmjhJTNss=
-17,-1,L+ddVs3GgC45Lph4szUEYY0nXGo=,j1HiRWApcFhrfC03tRqmjhJTNss=
-19,-7,L+ddVs3GgC45Lph4szUEYY0nXGo=,j1HiRWApcFhrfC03tRqmjhJTNss=
-17,-7,L+ddVs3GgC45Lph4szUEYY0nXGo=,j1HiRWApcFhrfC03tRqmjhJTNss=
-19,-2,L+ddVs3GgC45Lph4szUEYY0nXGo=,j1HiRWApcFhrfC03tRqmjhJTNss=
-20,-2,L+ddVs3GgC45Lph4szUEYY0nXGo=,j1HiRWApcFhrfC03tRqmjhJTNss=
-21,-2,L+ddVs3GgC45Lph4szUEYY0nXGo=,j1HiRWApcFhrfC03tRqmjhJTNss=
-22,-2,L+ddVs3GgC45Lph4szUEYY0nXGo=,j1HiRWApcFhrfC03tRqmjhJTNss=
-22,-5,L+ddVs3GgC45Lph4szUEYY0nXGo=,j1HiRWApcFhrfC03tRqmjhJTNss=
-23,-2,L+ddVs3GgC45Lph4szUEYY0nXGo=,j1HiRWApcFhrfC03tRqmjhJTNss=
-24,-2,L+ddVs3GgC45Lph4szUEYY0nXGo=,j1HiRWApcFhrfC03tRqmjhJTNss=
-18,-2,L+ddVs3GgC45Lph4szUEYY0nXGo=,j1HiRWApcFhrfC03tRqmjhJTNss=
-22,-8,L+ddVs3GgC45Lph4szUEYY0nXGo=,j1HiRWApcFhrfC03tRqmjhJTNss=
-18,-3,L+ddVs3GgC45Lph4szUEYY0nXGo=,j1HiRWApcFhrfC03tRqmjhJTNss=
-21,-9,L+ddVs3GgC45Lph4szUEYY0nXGo=,R8YrpMXQQJrDGmGKWWInGXT+dco=
-23,-5,L+ddVs3GgC45Lph4szUEYY0nXGo=,j1HiRWApcFhrfC03tRqmjhJTNss=
-19,-1,L+ddVs3GgC45Lph4szUEYY0nXGo=,j1HiRWApcFhrfC03tRqmjhJTNss=
-23,-7,L+ddVs3GgC45Lph4szUEYY0nXGo=,j1HiRWApcFhrfC03tRqmjhJTNss=
-24,-7,L+ddVs3GgC45Lph4szUEYY0nXGo=,j1HiRWApcFhrfC03tRqmjhJTNss=
-21,-6,L+ddVs3GgC45Lph4szUEYY0nXGo=,j1HiRWApcFhrfC03tRqmjhJTNss=
-17,-2,L+ddVs3GgC45Lph4szUEYY0nXGo=,j1HiRWApcFhrfC03tRqmjhJTNss=
-19,-3,L+ddVs3GgC45Lph4szUEYY0nXGo=,j1HiRWApcFhrfC03tRqmjhJTNss=
-18,-8,L+ddVs3GgC45Lph4szUEYY0nXGo=,j1HiRWApcFhrfC03tRqmjhJTNss=
-19,-8,L+ddVs3GgC45Lph4szUEYY0nXGo=,j1HiRWApcFhrfC03tRqmjhJTNss=
-20,-8,L+ddVs3GgC45Lph4szUEYY0nXGo=,j1HiRWApcFhrfC03tRqmjhJTNss=
-20,-7,L+ddVs3GgC45Lph4szUEYY0nXGo=,j1HiRWApcFhrfC03tRqmjhJTNss=
-23,-8,L+ddVs3GgC45Lph4szUEYY0nXGo=,j1HiRWApcFhrfC03tRqmjhJTNss=
-20,-3,L+ddVs3GgC45Lph4szUEYY0nXGo=,j1HiRWApcFhrfC03tRqmjhJTNss=
-22,-6,L+ddVs3GgC45Lph4szUEYY0nXGo=,j1HiRWApcFhrfC03tRqmjhJTNss=
-21,-7,L+ddVs3GgC45Lph4szUEYY0nXGo=,j1HiRWApcFhrfC03tRqmjhJTNss=
-21,-3,L+ddVs3GgC45Lph4szUEYY0nXGo=,j1HiRWApcFhrfC03tRqmjhJTNss=
-22,-3,L+ddVs3GgC45Lph4szUEYY0nXGo=,j1HiRWApcFhrfC03tRqmjhJTNss=
-23,-3,L+ddVs3GgC45Lph4szUEYY0nXGo=,j1HiRWApcFhrfC03tRqmjhJTNss=
-24,-3,L+ddVs3GgC45Lph4szUEYY0nXGo=,j1HiRWApcFhrfC03tRqmjhJTNss=
-17,-3,L+ddVs3GgC45Lph4szUEYY0nXGo=,j1HiRWApcFhrfC03tRqmjhJTNss=
-17,-8,L+ddVs3GgC45Lph4szUEYY0nXGo=,j1HiRWApcFhrfC03tRqmjhJTNss=
-19,-4,L+ddVs3GgC45Lph4szUEYY0nXGo=,j1HiRWApcFhrfC03tRqmjhJTNss=
-23,-6,L+ddVs3GgC45Lph4szUEYY0nXGo=,j1HiRWApcFhrfC03tRqmjhJTNss=
-22,-7,L+ddVs3GgC45Lph4szUEYY0nXGo=,j1HiRWApcFhrfC03tRqmjhJTNss=
-18,-4,L+ddVs3GgC45Lph4szUEYY0nXGo=,j1HiRWApcFhrfC03tRqmjhJTNss=
-24,-5,L+ddVs3GgC45Lph4szUEYY0nXGo=,j1HiRWApcFhrfC03tRqmjhJTNss=
-20,-4,L+ddVs3GgC45Lph4szUEYY0nXGo=,j1HiRWApcFhrfC03tRqmjhJTNss=
-21,-4,L+ddVs3GgC45Lph4szUEYY0nXGo=,j1HiRWApcFhrfC03tRqmjhJTNss=
-18,-7,L+ddVs3GgC45Lph4szUEYY0nXGo=,j1HiRWApcFhrfC03tRqmjhJTNss=
-22,-4,L+ddVs3GgC45Lph4szUEYY0nXGo=,j1HiRWApcFhrfC03tRqmjhJTNss=
-24,-8,L+ddVs3GgC45Lph4szUEYY0nXGo=,j1HiRWApcFhrfC03tRqmjhJTNss=
-23,-4,L+ddVs3GgC45Lph4szUEYY0nXGo=,j1HiRWApcFhrfC03tRqmjhJTNss=
-24,-4,L+ddVs3GgC45Lph4szUEYY0nXGo=,j1HiRWApcFhrfC03tRqmjhJTNss=
-18,-6,L+ddVs3GgC45Lph4szUEYY0nXGo=,j1HiRWApcFhrfC03tRqmjhJTNss=
-18,-5,L+ddVs3GgC45Lph4szUEYY0nXGo=,j1HiRWApcFhrfC03tRqmjhJTNss=
-19,-5,L+ddVs3GgC45Lph4szUEYY0nXGo=,j1HiRWApcFhrfC03tRqmjhJTNss=
-17,-4,L+ddVs3GgC45Lph4szUEYY0nXGo=,j1HiRWApcFhrfC03tRqmjhJTNss=
-17,-6,L+ddVs3GgC45Lph4szUEYY0nXGo=,j1HiRWApcFhrfC03tRqmjhJTNss=
-17,-9,L+ddVs3GgC45Lph4szUEYY0nXGo=,R8YrpMXQQJrDGmGKWWInGXT+dco=
-17,-5,L+ddVs3GgC45Lph4szUEYY0nXGo=,j1HiRWApcFhrfC03tRqmjhJTNss=
-20,-5,L+ddVs3GgC45Lph4szUEYY0nXGo=,j1HiRWApcFhrfC03tRqmjhJTNss=
-2,-10,L+ddVs3GgC45Lph4szUEYY0nXGo=,kQr6Tgk6CjdLLhHWuLWGYWo3GZQ=
-3,-10,L+ddVs3GgC45Lph4szUEYY0nXGo=,kQr6Tgk6CjdLLhHWuLWGYWo3GZQ=
-4,-10,L+ddVs3GgC45Lph4szUEYY0nXGo=,kQr6Tgk6CjdLLhHWuLWGYWo3GZQ=
-5,-10,L+ddVs3GgC45Lph4szUEYY0nXGo=,kQr6Tgk6CjdLLhHWuLWGYWo3GZQ=
-6,-10,L+ddVs3GgC45Lph4szUEYY0nXGo=,kQr6Tgk6CjdLLhHWuLWGYWo3GZQ=
-7,-10,L+ddVs3GgC45Lph4szUEYY0nXGo=,kQr6Tgk6CjdLLhHWuLWGYWo3GZQ=
-2,-11,MESV2IZvKbY3gT/sQGPNvC00gbE=,kQr6Tgk6CjdLLhHWuLWGYWo3GZQ=
-7,-15,MESV2IZvKbY3gT/sQGPNvC00gbE=,kQr6Tgk6CjdLLhHWuLWGYWo3GZQ=
-6,-15,MESV2IZvKbY3gT/sQGPNvC00gbE=,kQr6Tgk6CjdLLhHWuLWGYWo3GZQ=
-5,-15,MESV2IZvKbY3gT/sQGPNvC00gbE=,kQr6Tgk6CjdLLhHWuLWGYWo3GZQ=
-4,-15,MESV2IZvKbY3gT/sQGPNvC00gbE=,kQr6Tgk6CjdLLhHWuLWGYWo3GZQ=
-3,-15,MESV2IZvKbY3gT/sQGPNvC00gbE=,kQr6Tgk6CjdLLhHWuLWGYWo3GZQ=
-2,-15,MESV2IZvKbY3gT/sQGPNvC00gbE=,kQr6Tgk6CjdLLhHWuLWGYWo3GZQ=
-8,-10,MESV2IZvKbY3gT/sQGPNvC00gbE=,kQr6Tgk6CjdLLhHWuLWGYWo3GZQ=
-8,-11,MESV2IZvKbY3gT/sQGPNvC00gbE=,kQr6Tgk6CjdLLhHWuLWGYWo3GZQ=
-8,-12,MESV2IZvKbY3gT/sQGPNvC00gbE=,kQr6Tgk6CjdLLhHWuLWGYWo3GZQ=
-8,-13,MESV2IZvKbY3gT/sQGPNvC00gbE=,kQr6Tgk6CjdLLhHWuLWGYWo3GZQ=
-8,-14,MESV2IZvKbY3gT/sQGPNvC00gbE=,kQr6Tgk6CjdLLhHWuLWGYWo3GZQ=
-8,-15,MESV2IZvKbY3gT/sQGPNvC00gbE=,kQr6Tgk6CjdLLhHWuLWGYWo3GZQ=
-12,-11,MESV2IZvKbY3gT/sQGPNvC00gbE=,kbE40XOXr/daz5jLSSAw8TyzJSM=
-11,-11,MESV2IZvKbY3gT/sQGPNvC00gbE=,kbE40XOXr/daz5jLSSAw8TyzJSM=
-10,-11,MESV2IZvKbY3gT/sQGPNvC00gbE=,kbE40XOXr/daz5jLSSAw8TyzJSM=
-10,-13,MESV2IZvKbY3gT/sQGPNvC00gbE=,kbE40XOXr/daz5jLSSAw8TyzJSM=
-15,-14,MESV2IZvKbY3gT/sQGPNvC00gbE=,kbE40XOXr/daz5jLSSAw8TyzJSM=
-9,-11,MESV2IZvKbY3gT/sQGPNvC00gbE=,kbE40XOXr/daz5jLSSAw8TyzJSM=
-14,-14,MESV2IZvKbY3gT/sQGPNvC00gbE=,kbE40XOXr/daz5jLSSAw8TyzJSM=
-10,-12,MESV2IZvKbY3gT/sQGPNvC00gbE=,kbE40XOXr/daz5jLSSAw8TyzJSM=
-15,-10,MESV2IZvKbY3gT/sQGPNvC00gbE=,kbE40XOXr/daz5jLSSAw8TyzJSM=
-14,-10,MESV2IZvKbY3gT/sQGPNvC00gbE=,kbE40XOXr/daz5jLSSAw8TyzJSM=
-9,-12,MESV2IZvKbY3gT/sQGPNvC00gbE=,kbE40XOXr/daz5jLSSAw8TyzJSM=
-9,-13,MESV2IZvKbY3gT/sQGPNvC00gbE=,kbE40XOXr/daz5jLSSAw8TyzJSM=
-13,-10,MESV2IZvKbY3gT/sQGPNvC00gbE=,kbE40XOXr/daz5jLSSAw8TyzJSM=
-15,-13,MESV2IZvKbY3gT/sQGPNvC00gbE=,kbE40XOXr/daz5jLSSAw8TyzJSM=
-13,-14,MESV2IZvKbY3gT/sQGPNvC00gbE=,kbE40XOXr/daz5jLSSAw8TyzJSM=
-12,-10,MESV2IZvKbY3gT/sQGPNvC00gbE=,kbE40XOXr/daz5jLSSAw8TyzJSM=
-11,-10,MESV2IZvKbY3gT/sQGPNvC00gbE=,kbE40XOXr/daz5jLSSAw8TyzJSM=
-10,-10,MESV2IZvKbY3gT/sQGPNvC00gbE=,kbE40XOXr/daz5jLSSAw8TyzJSM=
-9,-10,MESV2IZvKbY3gT/sQGPNvC00gbE=,kbE40XOXr/daz5jLSSAw8TyzJSM=
-12,-14,MESV2IZvKbY3gT/sQGPNvC00gbE=,kbE40XOXr/daz5jLSSAw8TyzJSM=
-15,-12,MESV2IZvKbY3gT/sQGPNvC00gbE=,kbE40XOXr/daz5jLSSAw8TyzJSM=
-11,-14,MESV2IZvKbY3gT/sQGPNvC00gbE=,kbE40XOXr/daz5jLSSAw8TyzJSM=
-15,-15,MESV2IZvKbY3gT/sQGPNvC00gbE=,kbE40XOXr/daz5jLSSAw8TyzJSM=
-14,-12,MESV2IZvKbY3gT/sQGPNvC00gbE=,kbE40XOXr/daz5jLSSAw8TyzJSM=
-10,-14,MESV2IZvKbY3gT/sQGPNvC00gbE=,kbE40XOXr/daz5jLSSAw8TyzJSM=
-14,-13,MESV2IZvKbY3gT/sQGPNvC00gbE=,kbE40XOXr/daz5jLSSAw8TyzJSM=
-15,-11,MESV2IZvKbY3gT/sQGPNvC00gbE=,kbE40XOXr/daz5jLSSAw8TyzJSM=
-13,-13,MESV2IZvKbY3gT/sQGPNvC00gbE=,kbE40XOXr/daz5jLSSAw8TyzJSM=
-12,-13,MESV2IZvKbY3gT/sQGPNvC00gbE=,kbE40XOXr/daz5jLSSAw8TyzJSM=
-13,-12,MESV2IZvKbY3gT/sQGPNvC00gbE=,kbE40XOXr/daz5jLSSAw8TyzJSM=
-12,-12,MESV2IZvKbY3gT/sQGPNvC00gbE=,kbE40XOXr/daz5jLSSAw8TyzJSM=
-14,-15,MESV2IZvKbY3gT/sQGPNvC00gbE=,kbE40XOXr/daz5jLSSAw8TyzJSM=
-14,-11,MESV2IZvKbY3gT/sQGPNvC00gbE=,kbE40XOXr/daz5jLSSAw8TyzJSM=
-9,-14,MESV2IZvKbY3gT/sQGPNvC00gbE=,kbE40XOXr/daz5jLSSAw8TyzJSM=
-13,-15,MESV2IZvKbY3gT/sQGPNvC00gbE=,kbE40XOXr/daz5jLSSAw8TyzJSM=
-12,-15,MESV2IZvKbY3gT/sQGPNvC00gbE=,kbE40XOXr/daz5jLSSAw8TyzJSM=
-11,-15,MESV2IZvKbY3gT/sQGPNvC00gbE=,kbE40XOXr/daz5jLSSAw8TyzJSM=
-13,-11,MESV2IZvKbY3gT/sQGPNvC00gbE=,kbE40XOXr/daz5jLSSAw8TyzJSM=
-11,-13,MESV2IZvKbY3gT/sQGPNvC00gbE=,kbE40XOXr/daz5jLSSAw8TyzJSM=
-10,-15,MESV2IZvKbY3gT/sQGPNvC00gbE=,kbE40XOXr/daz5jLSSAw8TyzJSM=
-9,-15,MESV2IZvKbY3gT/sQGPNvC00gbE=,kbE40XOXr/daz5jLSSAw8TyzJSM=
-11,-12,MESV2IZvKbY3gT/sQGPNvC00gbE=,kbE40XOXr/daz5jLSSAw8TyzJSM=
-7,-14,MESV2IZvKbY3gT/sQGPNvC00gbE=,kQr6Tgk6CjdLLhHWuLWGYWo3GZQ=
-6,-14,MESV2IZvKbY3gT/sQGPNvC00gbE=,kQr6Tgk6CjdLLhHWuLWGYWo3GZQ=
-5,-14,MESV2IZvKbY3gT/sQGPNvC00gbE=,kQr6Tgk6CjdLLhHWuLWGYWo3GZQ=
-4,-14,MESV2IZvKbY3gT/sQGPNvC00gbE=,kQr6Tgk6CjdLLhHWuLWGYWo3GZQ=
-3,-14,MESV2IZvKbY3gT/sQGPNvC00gbE=,kQr6Tgk6CjdLLhHWuLWGYWo3GZQ=
-2,-14,MESV2IZvKbY3gT/sQGPNvC00gbE=,kQr6Tgk6CjdLLhHWuLWGYWo3GZQ=
-7,-13,MESV2IZvKbY3gT/sQGPNvC00gbE=,kQr6Tgk6CjdLLhHWuLWGYWo3GZQ=
-6,-13,MESV2IZvKbY3gT/sQGPNvC00gbE=,kQr6Tgk6CjdLLhHWuLWGYWo3GZQ=
-5,-13,MESV2IZvKbY3gT/sQGPNvC00gbE=,kQr6Tgk6CjdLLhHWuLWGYWo3GZQ=
-4,-13,MESV2IZvKbY3gT/sQGPNvC00gbE=,kQr6Tgk6CjdLLhHWuLWGYWo3GZQ=
-3,-13,MESV2IZvKbY3gT/sQGPNvC00gbE=,kQr6Tgk6CjdLLhHWuLWGYWo3GZQ=
-2,-13,MESV2IZvKbY3gT/sQGPNvC00gbE=,kQr6Tgk6CjdLLhHWuLWGYWo3GZQ=
-7,-12,MESV2IZvKbY3gT/sQGPNvC00gbE=,kQr6Tgk6CjdLLhHWuLWGYWo3GZQ=
-6,-12,MESV2IZvKbY3gT/sQGPNvC00gbE=,kQr6Tgk6CjdLLhHWuLWGYWo3GZQ=
-5,-12,MESV2IZvKbY3gT/sQGPNvC00gbE=,kQr6Tgk6CjdLLhHWuLWGYWo3GZQ=
-4,-12,MESV2IZvKbY3gT/sQGPNvC00gbE=,kQr6Tgk6CjdLLhHWuLWGYWo3GZQ=
-3,-12,MESV2IZvKbY3gT/sQGPNvC00gbE=,kQr6Tgk6CjdLLhHWuLWGYWo3GZQ=
-2,-12,MESV2IZvKbY3gT/sQGPNvC00gbE=,kQr6Tgk6CjdLLhHWuLWGYWo3GZQ=
-6,-11,MESV2IZvKbY3gT/sQGPNvC00gbE=,kQr6Tgk6CjdLLhHWuLWGYWo3GZQ=
-5,-11,MESV2IZvKbY3gT/sQGPNvC00gbE=,kQr6Tgk6CjdLLhHWuLWGYWo3GZQ=
-7,-11,MESV2IZvKbY3gT/sQGPNvC00gbE=,kQr6Tgk6CjdLLhHWuLWGYWo3GZQ=
-4,-11,MESV2IZvKbY3gT/sQGPNvC00gbE=,kQr6Tgk6CjdLLhHWuLWGYWo3GZQ=
-3,-11,MESV2IZvKbY3gT/sQGPNvC00gbE=,kQr6Tgk6CjdLLhHWuLWGYWo3GZQ=
-16,-14,MESV2IZvKbY3gT/sQGPNvC00gbE=,kbE40XOXr/daz5jLSSAw8TyzJSM=
-16,-10,MESV2IZvKbY3gT/sQGPNvC00gbE=,kbE40XOXr/daz5jLSSAw8TyzJSM=
-16,-13,MESV2IZvKbY3gT/sQGPNvC00gbE=,kbE40XOXr/daz5jLSSAw8TyzJSM=
-16,-12,MESV2IZvKbY3gT/sQGPNvC00gbE=,kbE40XOXr/daz5jLSSAw8TyzJSM=
-16,-15,MESV2IZvKbY3gT/sQGPNvC00gbE=,kbE40XOXr/daz5jLSSAw8TyzJSM=
-16,-11,MESV2IZvKbY3gT/sQGPNvC00gbE=,kbE40XOXr/daz5jLSSAw8TyzJSM=
-1,-10,MESV2IZvKbY3gT/sQGPNvC00gbE=,kQr6Tgk6CjdLLhHWuLWGYWo3GZQ=
-1,-11,MESV2IZvKbY3gT/sQGPNvC00gbE=,kQr6Tgk6CjdLLhHWuLWGYWo3GZQ=
-1,-12,MESV2IZvKbY3gT/sQGPNvC00gbE=,kQr6Tgk6CjdLLhHWuLWGYWo3GZQ=
-1,-13,MESV2IZvKbY3gT/sQGPNvC00gbE=,kQr6Tgk6CjdLLhHWuLWGYWo3GZQ=
-1,-14,MESV2IZvKbY3gT/sQGPNvC00gbE=,kQr6Tgk6CjdLLhHWuLWGYWo3GZQ=
-1,-15,MESV2IZvKbY3gT/sQGPNvC00gbE=,kQr6Tgk6CjdLLhHWuLWGYWo3GZQ=
-12,-16,MESV2IZvKbY3gT/sQGPNvC00gbE=,kbE40XOXr/daz5jLSSAw8TyzJSM=
-11,-16,MESV2IZvKbY3gT/sQGPNvC00gbE=,kbE40XOXr/daz5jLSSAw8TyzJSM=
-10,-16,MESV2IZvKbY3gT/sQGPNvC00gbE=,kbE40XOXr/daz5jLSSAw8TyzJSM=
-15,-16,MESV2IZvKbY3gT/sQGPNvC00gbE=,kbE40XOXr/daz5jLSSAw8TyzJSM=
-14,-16,MESV2IZvKbY3gT/sQGPNvC00gbE=,kbE40XOXr/daz5jLSSAw8TyzJSM=
-13,-16,MESV2IZvKbY3gT/sQGPNvC00gbE=,kbE40XOXr/daz5jLSSAw8TyzJSM=
-2,-16,MESV2IZvKbY3gT/sQGPNvC00gbE=,kQr6Tgk6CjdLLhHWuLWGYWo3GZQ=
-3,-16,MESV2IZvKbY3gT/sQGPNvC00gbE=,kQr6Tgk6CjdLLhHWuLWGYWo3GZQ=
-4,-16,MESV2IZvKbY3gT/sQGPNvC00gbE=,kQr6Tgk6CjdLLhHWuLWGYWo3GZQ=
-5,-16,MESV2IZvKbY3gT/sQGPNvC00gbE=,kQr6Tgk6CjdLLhHWuLWGYWo3GZQ=
-6,-16,MESV2IZvKbY3gT/sQGPNvC00gbE=,kQr6Tgk6CjdLLhHWuLWGYWo3GZQ=
-7,-16,MESV2IZvKbY3gT/sQGPNvC00gbE=,kQr6Tgk6CjdLLhHWuLWGYWo3GZQ=
-8,-16,MESV2IZvKbY3gT/sQGPNvC00gbE=,kQr6Tgk6CjdLLhHWuLWGYWo3GZQ=
-9,-16,MESV2IZvKbY3gT/sQGPNvC00gbE=,kbE40XOXr/daz5jLSSAw8TyzJSM=
-1,-16,MESV2IZvKbY3gT/sQGPNvC00gbE=,kQr6Tgk6CjdLLhHWuLWGYWo3GZQ=
-16,-16,MESV2IZvKbY3gT/sQGPNvC00gbE=,kbE40XOXr/daz5jLSSAw8TyzJSM=
-12,-5,c1PsoDknclEsudMqftIAlob4ceU=,W3TMilIspaQe9WjqxI9ApG2tgzE=
-13,-5,c1PsoDknclEsudMqftIAlob4ceU=,W3TMilIspaQe9WjqxI9ApG2tgzE=
-14,-5,c1PsoDknclEsudMqftIAlob4ceU=,W3TMilIspaQe9WjqxI9ApG2tgzE=
-15,-5,c1PsoDknclEsudMqftIAlob4ceU=,W3TMilIspaQe9WjqxI9ApG2tgzE=
-16,-5,c1PsoDknclEsudMqftIAlob4ceU=,W3TMilIspaQe9WjqxI9ApG2tgzE=
-10,-1,c1PsoDknclEsudMqftIAlob4ceU=,W3TMilIspaQe9WjqxI9ApG2tgzE=
-11,-1,c1PsoDknclEsudMqftIAlob4ceU=,W3TMilIspaQe9WjqxI9ApG2tgzE=
-10,-6,c1PsoDknclEsudMqftIAlob4ceU=,W3TMilIspaQe9WjqxI9ApG2tgzE=
-11,-6,c1PsoDknclEsudMqftIAlob4ceU=,W3TMilIspaQe9WjqxI9ApG2tgzE=
-11,-5,c1PsoDknclEsudMqftIAlob4ceU=,W3TMilIspaQe9WjqxI9ApG2tgzE=
-12,-1,stiVLgzFGa9pBF3OiBbzcZ9XIVY=,W3TMilIspaQe9WjqxI9ApG2tgzE=
-13,-1,stiVLgzFGa9pBF3OiBbzcZ9XIVY=,W3TMilIspaQe9WjqxI9ApG2tgzE=
-14,-1,stiVLgzFGa9pBF3OiBbzcZ9XIVY=,W3TMilIspaQe9WjqxI9ApG2tgzE=
-15,-1,stiVLgzFGa9pBF3OiBbzcZ9XIVY=,W3TMilIspaQe9WjqxI9ApG2tgzE=
-16,-1,stiVLgzFGa9pBF3OiBbzcZ9XIVY=,W3TMilIspaQe9WjqxI9ApG2tgzE=
-10,-2,stiVLgzFGa9pBF3OiBbzcZ9XIVY=,W3TMilIspaQe9WjqxI9ApG2tgzE=
-11,-2,stiVLgzFGa9pBF3OiBbzcZ9XIVY=,W3TMilIspaQe9WjqxI9ApG2tgzE=
-12,-6,stiVLgzFGa9pBF3OiBbzcZ9XIVY=,W3TMilIspaQe9WjqxI9ApG2tgzE=
-13,-6,stiVLgzFGa9pBF3OiBbzcZ9XIVY=,W3TMilIspaQe9WjqxI9ApG2tgzE=
-12,-2,stiVLgzFGa9pBF3OiBbzcZ9XIVY=,W3TMilIspaQe9WjqxI9ApG2tgzE=
-13,-2,stiVLgzFGa9pBF3OiBbzcZ9XIVY=,W3TMilIspaQe9WjqxI9ApG2tgzE=
-14,-6,stiVLgzFGa9pBF3OiBbzcZ9XIVY=,W3TMilIspaQe9WjqxI9ApG2tgzE=
-14,-2,stiVLgzFGa9pBF3OiBbzcZ9XIVY=,W3TMilIspaQe9WjqxI9ApG2tgzE=
-15,-2,stiVLgzFGa9pBF3OiBbzcZ9XIVY=,W3TMilIspaQe9WjqxI9ApG2tgzE=
-15,-6,stiVLgzFGa9pBF3OiBbzcZ9XIVY=,W3TMilIspaQe9WjqxI9ApG2tgzE=
-16,-6,stiVLgzFGa9pBF3OiBbzcZ9XIVY=,W3TMilIspaQe9WjqxI9ApG2tgzE=
-16,-2,stiVLgzFGa9pBF3OiBbzcZ9XIVY=,W3TMilIspaQe9WjqxI9ApG2tgzE=
-10,-7,stiVLgzFGa9pBF3OiBbzcZ9XIVY=,W3TMilIspaQe9WjqxI9ApG2tgzE=
-11,-7,stiVLgzFGa9pBF3OiBbzcZ9XIVY=,W3TMilIspaQe9WjqxI9ApG2tgzE=
-12,-7,stiVLgzFGa9pBF3OiBbzcZ9XIVY=,W3TMilIspaQe9WjqxI9ApG2tgzE=
-14,-7,stiVLgzFGa9pBF3OiBbzcZ9XIVY=,W3TMilIspaQe9WjqxI9ApG2tgzE=
-13,-7,stiVLgzFGa9pBF3OiBbzcZ9XIVY=,W3TMilIspaQe9WjqxI9ApG2tgzE=
-10,-3,stiVLgzFGa9pBF3OiBbzcZ9XIVY=,W3TMilIspaQe9WjqxI9ApG2tgzE=
-11,-3,stiVLgzFGa9pBF3OiBbzcZ9XIVY=,W3TMilIspaQe9WjqxI9ApG2tgzE=
-12,-3,stiVLgzFGa9pBF3OiBbzcZ9XIVY=,W3TMilIspaQe9WjqxI9ApG2tgzE=
-13,-3,stiVLgzFGa9pBF3OiBbzcZ9XIVY=,W3TMilIspaQe9WjqxI9ApG2tgzE=
-14,-3,stiVLgzFGa9pBF3OiBbzcZ9XIVY=,W3TMilIspaQe9WjqxI9ApG2tgzE=
-15,-7,stiVLgzFGa9pBF3OiBbzcZ9XIVY=,W3TMilIspaQe9WjqxI9ApG2tgzE=
-16,-7,stiVLgzFGa9pBF3OiBbzcZ9XIVY=,W3TMilIspaQe9WjqxI9ApG2tgzE=
-10,-8,stiVLgzFGa9pBF3OiBbzcZ9XIVY=,W3TMilIspaQe9WjqxI9ApG2tgzE=
-11,-8,stiVLgzFGa9pBF3OiBbzcZ9XIVY=,W3TMilIspaQe9WjqxI9ApG2tgzE=
-12,-8,stiVLgzFGa9pBF3OiBbzcZ9XIVY=,W3TMilIspaQe9WjqxI9ApG2tgzE=
-13,-8,stiVLgzFGa9pBF3OiBbzcZ9XIVY=,W3TMilIspaQe9WjqxI9ApG2tgzE=
-14,-8,stiVLgzFGa9pBF3OiBbzcZ9XIVY=,W3TMilIspaQe9WjqxI9ApG2tgzE=
-15,-8,stiVLgzFGa9pBF3OiBbzcZ9XIVY=,W3TMilIspaQe9WjqxI9ApG2tgzE=
-10,-9,stiVLgzFGa9pBF3OiBbzcZ9XIVY=,kbE40XOXr/daz5jLSSAw8TyzJSM=
-16,-8,stiVLgzFGa9pBF3OiBbzcZ9XIVY=,W3TMilIspaQe9WjqxI9ApG2tgzE=
-11,-9,stiVLgzFGa9pBF3OiBbzcZ9XIVY=,kbE40XOXr/daz5jLSSAw8TyzJSM=
-12,-9,stiVLgzFGa9pBF3OiBbzcZ9XIVY=,kbE40XOXr/daz5jLSSAw8TyzJSM=
-13,-9,stiVLgzFGa9pBF3OiBbzcZ9XIVY=,kbE40XOXr/daz5jLSSAw8TyzJSM=
-14,-9,stiVLgzFGa9pBF3OiBbzcZ9XIVY=,kbE40XOXr/daz5jLSSAw8TyzJSM=
-15,-9,stiVLgzFGa9pBF3OiBbzcZ9XIVY=,kbE40XOXr/daz5jLSSAw8TyzJSM=
-16,-9,stiVLgzFGa9pBF3OiBbzcZ9XIVY=,kbE40XOXr/daz5jLSSAw8TyzJSM=
-15,-3,stiVLgzFGa9pBF3OiBbzcZ9XIVY=,W3TMilIspaQe9WjqxI9ApG2tgzE=
-16,-3,stiVLgzFGa9pBF3OiBbzcZ9XIVY=,W3TMilIspaQe9WjqxI9ApG2tgzE=
-10,-4,stiVLgzFGa9pBF3OiBbzcZ9XIVY=,W3TMilIspaQe9WjqxI9ApG2tgzE=
-11,-4,stiVLgzFGa9pBF3OiBbzcZ9XIVY=,W3TMilIspaQe9WjqxI9ApG2tgzE=
-12,-4,stiVLgzFGa9pBF3OiBbzcZ9XIVY=,W3TMilIspaQe9WjqxI9ApG2tgzE=
-13,-4,stiVLgzFGa9pBF3OiBbzcZ9XIVY=,W3TMilIspaQe9WjqxI9ApG2tgzE=
-14,-4,stiVLgzFGa9pBF3OiBbzcZ9XIVY=,W3TMilIspaQe9WjqxI9ApG2tgzE=
-15,-4,stiVLgzFGa9pBF3OiBbzcZ9XIVY=,W3TMilIspaQe9WjqxI9ApG2tgzE=
-16,-4,stiVLgzFGa9pBF3OiBbzcZ9XIVY=,W3TMilIspaQe9WjqxI9ApG2tgzE=
-10,-5,stiVLgzFGa9pBF3OiBbzcZ9XIVY=,W3TMilIspaQe9WjqxI9ApG2tgzE=
-1,-9,stiVLgzFGa9pBF3OiBbzcZ9XIVY=,kQr6Tgk6CjdLLhHWuLWGYWo3GZQ=
-2,-9,stiVLgzFGa9pBF3OiBbzcZ9XIVY=,kQr6Tgk6CjdLLhHWuLWGYWo3GZQ=
-3,-9,stiVLgzFGa9pBF3OiBbzcZ9XIVY=,kQr6Tgk6CjdLLhHWuLWGYWo3GZQ=
-4,-9,stiVLgzFGa9pBF3OiBbzcZ9XIVY=,kQr6Tgk6CjdLLhHWuLWGYWo3GZQ=
-5,-9,stiVLgzFGa9pBF3OiBbzcZ9XIVY=,kQr6Tgk6CjdLLhHWuLWGYWo3GZQ=
-6,-9,stiVLgzFGa9pBF3OiBbzcZ9XIVY=,kQr6Tgk6CjdLLhHWuLWGYWo3GZQ=
-7,-9,stiVLgzFGa9pBF3OiBbzcZ9XIVY=,kQr6Tgk6CjdLLhHWuLWGYWo3GZQ=
-8,-9,stiVLgzFGa9pBF3OiBbzcZ9XIVY=,kQr6Tgk6CjdLLhHWuLWGYWo3GZQ=
-9,-1,stiVLgzFGa9pBF3OiBbzcZ9XIVY=,W3TMilIspaQe9WjqxI9ApG2tgzE=
-9,-6,stiVLgzFGa9pBF3OiBbzcZ9XIVY=,W3TMilIspaQe9WjqxI9ApG2tgzE=
-1,-1,stiVLgzFGa9pBF3OiBbzcZ9XIVY=,zuK6J0rpcZgItvne6qm3hlKmnQQ=
-9,-2,stiVLgzFGa9pBF3OiBbzcZ9XIVY=,W3TMilIspaQe9WjqxI9ApG2tgzE=
-9,-9,stiVLgzFGa9pBF3OiBbzcZ9XIVY=,kbE40XOXr/daz5jLSSAw8TyzJSM=
-9,-7,stiVLgzFGa9pBF3OiBbzcZ9XIVY=,W3TMilIspaQe9WjqxI9ApG2tgzE=
-9,-3,stiVLgzFGa9pBF3OiBbzcZ9XIVY=,W3TMilIspaQe9WjqxI9ApG2tgzE=
-2,-1,stiVLgzFGa9pBF3OiBbzcZ9XIVY=,zuK6J0rpcZgItvne6qm3hlKmnQQ=
-9,-8,stiVLgzFGa9pBF3OiBbzcZ9XIVY=,W3TMilIspaQe9WjqxI9ApG2tgzE=
-9,-5,stiVLgzFGa9pBF3OiBbzcZ9XIVY=,W3TMilIspaQe9WjqxI9ApG2tgzE=
-9,-4,stiVLgzFGa9pBF3OiBbzcZ9XIVY=,W3TMilIspaQe9WjqxI9ApG2tgzE=
-8,-8,stiVLgzFGa9pBF3OiBbzcZ9XIVY=,zuK6J0rpcZgItvne6qm3hlKmnQQ=
-5,-8,stiVLgzFGa9pBF3OiBbzcZ9XIVY=,zuK6J0rpcZgItvne6qm3hlKmnQQ=
-4,-8,stiVLgzFGa9pBF3OiBbzcZ9XIVY=,zuK6J0rpcZgItvne6qm3hlKmnQQ=
-3,-1,stiVLgzFGa9pBF3OiBbzcZ9XIVY=,zuK6J0rpcZgItvne6qm3hlKmnQQ=
-7,-8,stiVLgzFGa9pBF3OiBbzcZ9XIVY=,zuK6J0rpcZgItvne6qm3hlKmnQQ=
-1,-8,stiVLgzFGa9pBF3OiBbzcZ9XIVY=,zuK6J0rpcZgItvne6qm3hlKmnQQ=
-6,-8,stiVLgzFGa9pBF3OiBbzcZ9XIVY=,zuK6J0rpcZgItvne6qm3hlKmnQQ=
-2,-8,stiVLgzFGa9pBF3OiBbzcZ9XIVY=,zuK6J0rpcZgItvne6qm3hlKmnQQ=
-3,-8,stiVLgzFGa9pBF3OiBbzcZ9XIVY=,zuK6J0rpcZgItvne6qm3hlKmnQQ=
-8,-7,stiVLgzFGa9pBF3OiBbzcZ9XIVY=,zuK6J0rpcZgItvne6qm3hlKmnQQ=
-4,-1,stiVLgzFGa9pBF3OiBbzcZ9XIVY=,zuK6J0rpcZgItvne6qm3hlKmnQQ=
-6,-7,stiVLgzFGa9pBF3OiBbzcZ9XIVY=,zuK6J0rpcZgItvne6qm3hlKmnQQ=
-7,-7,stiVLgzFGa9pBF3OiBbzcZ9XIVY=,zuK6J0rpcZgItvne6qm3hlKmnQQ=
-5,-7,stiVLgzFGa9pBF3OiBbzcZ9XIVY=,zuK6J0rpcZgItvne6qm3hlKmnQQ=
-1,-7,stiVLgzFGa9pBF3OiBbzcZ9XIVY=,zuK6J0rpcZgItvne6qm3hlKmnQQ=
-4,-7,stiVLgzFGa9pBF3OiBbzcZ9XIVY=,zuK6J0rpcZgItvne6qm3hlKmnQQ=
-3,-7,stiVLgzFGa9pBF3OiBbzcZ9XIVY=,zuK6J0rpcZgItvne6qm3hlKmnQQ=
-5,-1,stiVLgzFGa9pBF3OiBbzcZ9XIVY=,zuK6J0rpcZgItvne6qm3hlKmnQQ=
-2,-7,stiVLgzFGa9pBF3OiBbzcZ9XIVY=,zuK6J0rpcZgItvne6qm3hlKmnQQ=
-8,-6,stiVLgzFGa9pBF3OiBbzcZ9XIVY=,zuK6J0rpcZgItvne6qm3hlKmnQQ=
-7,-6,stiVLgzFGa9pBF3OiBbzcZ9XIVY=,zuK6J0rpcZgItvne6qm3hlKmnQQ=
-6,-6,stiVLgzFGa9pBF3OiBbzcZ9XIVY=,zuK6J0rpcZgItvne6qm3hlKmnQQ=
-5,-6,stiVLgzFGa9pBF3OiBbzcZ9XIVY=,zuK6J0rpcZgItvne6qm3hlKmnQQ=
-6,-1,stiVLgzFGa9pBF3OiBbzcZ9XIVY=,zuK6J0rpcZgItvne6qm3hlKmnQQ=
-1,-6,stiVLgzFGa9pBF3OiBbzcZ9XIVY=,zuK6J0rpcZgItvne6qm3hlKmnQQ=
-4,-6,stiVLgzFGa9pBF3OiBbzcZ9XIVY=,zuK6J0rpcZgItvne6qm3hlKmnQQ=
-2,-6,stiVLgzFGa9pBF3OiBbzcZ9XIVY=,zuK6J0rpcZgItvne6qm3hlKmnQQ=
-3,-6,stiVLgzFGa9pBF3OiBbzcZ9XIVY=,zuK6J0rpcZgItvne6qm3hlKmnQQ=
-8,-5,stiVLgzFGa9pBF3OiBbzcZ9XIVY=,zuK6J0rpcZgItvne6qm3hlKmnQQ=
-7,-1,stiVLgzFGa9pBF3OiBbzcZ9XIVY=,zuK6J0rpcZgItvne6qm3hlKmnQQ=
-7,-5,stiVLgzFGa9pBF3OiBbzcZ9XIVY=,zuK6J0rpcZgItvne6qm3hlKmnQQ=
-6,-5,stiVLgzFGa9pBF3OiBbzcZ9XIVY=,zuK6J0rpcZgItvne6qm3hlKmnQQ=
-5,-5,stiVLgzFGa9pBF3OiBbzcZ9XIVY=,zuK6J0rpcZgItvne6qm3hlKmnQQ=
-1,-5,stiVLgzFGa9pBF3OiBbzcZ9XIVY=,zuK6J0rpcZgItvne6qm3hlKmnQQ=
-8,-1,stiVLgzFGa9pBF3OiBbzcZ9XIVY=,zuK6J0rpcZgItvne6qm3hlKmnQQ=
-4,-5,stiVLgzFGa9pBF3OiBbzcZ9XIVY=,zuK6J0rpcZgItvne6qm3hlKmnQQ=
-3,-5,stiVLgzFGa9pBF3OiBbzcZ9XIVY=,zuK6J0rpcZgItvne6qm3hlKmnQQ=
-1,-2,stiVLgzFGa9pBF3OiBbzcZ9XIVY=,zuK6J0rpcZgItvne6qm3hlKmnQQ=
-2,-5,stiVLgzFGa9pBF3OiBbzcZ9XIVY=,zuK6J0rpcZgItvne6qm3hlKmnQQ=
-8,-4,stiVLgzFGa9pBF3OiBbzcZ9XIVY=,zuK6J0rpcZgItvne6qm3hlKmnQQ=
-7,-4,stiVLgzFGa9pBF3OiBbzcZ9XIVY=,zuK6J0rpcZgItvne6qm3hlKmnQQ=
-6,-4,stiVLgzFGa9pBF3OiBbzcZ9XIVY=,zuK6J0rpcZgItvne6qm3hlKmnQQ=
-5,-4,stiVLgzFGa9pBF3OiBbzcZ9XIVY=,zuK6J0rpcZgItvne6qm3hlKmnQQ=
-1,-4,stiVLgzFGa9pBF3OiBbzcZ9XIVY=,zuK6J0rpcZgItvne6qm3hlKmnQQ=
-2,-2,stiVLgzFGa9pBF3OiBbzcZ9XIVY=,zuK6J0rpcZgItvne6qm3hlKmnQQ=
-3,-4,stiVLgzFGa9pBF3OiBbzcZ9XIVY=,zuK6J0rpcZgItvne6qm3hlKmnQQ=
-4,-4,stiVLgzFGa9pBF3OiBbzcZ9XIVY=,zuK6J0rpcZgItvne6qm3hlKmnQQ=
-8,-3,stiVLgzFGa9pBF3OiBbzcZ9XIVY=,zuK6J0rpcZgItvne6qm3hlKmnQQ=
-2,-4,stiVLgzFGa9pBF3OiBbzcZ9XIVY=,zuK6J0rpcZgItvne6qm3hlKmnQQ=
-3,-2,stiVLgzFGa9pBF3OiBbzcZ9XIVY=,zuK6J0rpcZgItvne6qm3hlKmnQQ=
-7,-3,stiVLgzFGa9pBF3OiBbzcZ9XIVY=,zuK6J0rpcZgItvne6qm3hlKmnQQ=
-6,-3,stiVLgzFGa9pBF3OiBbzcZ9XIVY=,zuK6J0rpcZgItvne6qm3hlKmnQQ=
-5,-3,stiVLgzFGa9pBF3OiBbzcZ9XIVY=,zuK6J0rpcZgItvne6qm3hlKmnQQ=
-4,-3,stiVLgzFGa9pBF3OiBbzcZ9XIVY=,zuK6J0rpcZgItvne6qm3hlKmnQQ=
-1,-3,stiVLgzFGa9pBF3OiBbzcZ9XIVY=,zuK6J0rpcZgItvne6qm3hlKmnQQ=
-4,-2,stiVLgzFGa9pBF3OiBbzcZ9XIVY=,zuK6J0rpcZgItvne6qm3hlKmnQQ=
-3,-3,stiVLgzFGa9pBF3OiBbzcZ9XIVY=,zuK6J0rpcZgItvne6qm3hlKmnQQ=
-2,-3,stiVLgzFGa9pBF3OiBbzcZ9XIVY=,zuK6J0rpcZgItvne6qm3hlKmnQQ=
-8,-2,stiVLgzFGa9pBF3OiBbzcZ9XIVY=,zuK6J0rpcZgItvne6qm3hlKmnQQ=
-7,-2,stiVLgzFGa9pBF3OiBbzcZ9XIVY=,zuK6J0rpcZgItvne6qm3hlKmnQQ=
-5,-2,stiVLgzFGa9pBF3OiBbzcZ9XIVY=,zuK6J0rpcZgItvne6qm3hlKmnQQ=
-6,-2,stiVLgzFGa9pBF3OiBbzcZ9XIVY=,zuK6J0rpcZgItvne6qm3hlKmnQQ=
