4,-5,HRIm08LMT9TQKXbeVhoTUWB0DSk=,Hh/KEB7Xh+Fhy/iYC/KyFFPrT2I=
7,-1,HRIm08LMT9TQKXbeVhoTUWB0DSk=,Hh/KEB7Xh+Fhy/iYC/KyFFPrT2I=
5,-6,HRIm08LMT9TQKXbeVhoTUWB0DSk=,Hh/KEB7Xh+Fhy/iYC/KyFFPrT2I=
3,-5,HRIm08LMT9TQKXbeVhoTUWB0DSk=,Hh/KEB7Xh+Fhy/iYC/KyFFPrT2I=
7,-7,HRIm08LMT9TQKXbeVhoTUWB0DSk=,Hh/KEB7Xh+Fhy/iYC/KyFFPrT2I=
6,-1,HRIm08LMT9TQKXbeVhoTUWB0DSk=,Hh/KEB7Xh+Fhy/iYC/KyFFPrT2I=
6,-7,HRIm08LMT9TQKXbeVhoTUWB0DSk=,Hh/KEB7Xh+Fhy/iYC/KyFFPrT2I=
5,-1,HRIm08LMT9TQKXbeVhoTUWB0DSk=,Hh/KEB7Xh+Fhy/iYC/KyFFPrT2I=
4,-1,HRIm08LMT9TQKXbeVhoTUWB0DSk=,Hh/KEB7Xh+Fhy/iYC/KyFFPrT2I=
5,-7,HRIm08LMT9TQKXbeVhoTUWB0DSk=,Hh/KEB7Xh+Fhy/iYC/KyFFPrT2I=
3,-1,HRIm08LMT9TQKXbeVhoTUWB0DSk=,Hh/KEB7Xh+Fhy/iYC/KyFFPrT2I=
4,-6,HRIm08LMT9TQKXbeVhoTUWB0DSk=,Hh/KEB7Xh+Fhy/iYC/KyFFPrT2I=
2,-1,HRIm08LMT9TQKXbeVhoTUWB0DSk=,Hh/KEB7Xh+Fhy/iYC/KyFFPrT2I=
1,-1,HRIm08LMT9TQKXbeVhoTUWB0DSk=,Hh/KEB7Xh+Fhy/iYC/KyFFPrT2I=
4,-7,HRIm08LMT9TQKXbeVhoTUWB0DSk=,Hh/KEB7Xh+Fhy/iYC/KyFFPrT2I=
3,-8,HRIm08LMT9TQKXbeVhoTUWB0DSk=,Hh/KEB7Xh+Fhy/iYC/KyFFPrT2I=
7,-2,HRIm08LMT9TQKXbeVhoTUWB0DSk=,Hh/KEB7Xh+Fhy/iYC/KyFFPrT2I=
3,-7,HRIm08LMT9TQKXbeVhoTUWB0DSk=,Hh/KEB7Xh+Fhy/iYC/KyFFPrT2I=
1,-7,HRIm08LMT9TQKXbeVhoTUWB0DSk=,Hh/KEB7Xh+Fhy/iYC/KyFFPrT2I=
6,-2,HRIm08LMT9TQKXbeVhoTUWB0DSk=,Hh/KEB7Xh+Fhy/iYC/KyFFPrT2I=
4,-2,HRIm08LMT9TQKXbeVhoTUWB0DSk=,Hh/KEB7Xh+Fhy/iYC/KyFFPrT2I=
5,-2,HRIm08LMT9TQKXbeVhoTUWB0DSk=,Hh/KEB7Xh+Fhy/iYC/KyFFPrT2I=
3,-2,HRIm08LMT9TQKXbeVhoTUWB0DSk=,Hh/KEB7Xh+Fhy/iYC/KyFFPrT2I=
2,-8,HRIm08LMT9TQKXbeVhoTUWB0DSk=,Hh/KEB7Xh+Fhy/iYC/KyFFPrT2I=
3,-6,HRIm08LMT9TQKXbeVhoTUWB0DSk=,Hh/KEB7Xh+Fhy/iYC/KyFFPrT2I=
2,-6,HRIm08LMT9TQKXbeVhoTUWB0DSk=,Hh/KEB7Xh+Fhy/iYC/KyFFPrT2I=
1,-6,HRIm08LMT9TQKXbeVhoTUWB0DSk=,Hh/KEB7Xh+Fhy/iYC/KyFFPrT2I=
0,-7,HRIm08LMT9TQKXbeVhoTUWB0DSk=,Hh/KEB7Xh+Fhy/iYC/KyFFPrT2I=
2,-2,HRIm08LMT9TQKXbeVhoTUWB0DSk=,Hh/KEB7Xh+Fhy/iYC/KyFFPrT2I=
1,-2,HRIm08LMT9TQKXbeVhoTUWB0DSk=,Hh/KEB7Xh+Fhy/iYC/KyFFPrT2I=
7,-8,HRIm08LMT9TQKXbeVhoTUWB0DSk=,Hh/KEB7Xh+Fhy/iYC/KyFFPrT2I=
0,-2,HRIm08LMT9TQKXbeVhoTUWB0DSk=,Hh/KEB7Xh+Fhy/iYC/KyFFPrT2I=
2,-5,HRIm08LMT9TQKXbeVhoTUWB0DSk=,Hh/KEB7Xh+Fhy/iYC/KyFFPrT2I=
7,-3,HRIm08LMT9TQKXbeVhoTUWB0DSk=,Hh/KEB7Xh+Fhy/iYC/KyFFPrT2I=
1,-5,HRIm08LMT9TQKXbeVhoTUWB0DSk=,Hh/KEB7Xh+Fhy/iYC/KyFFPrT2I=
6,-3,HRIm08LMT9TQKXbeVhoTUWB0DSk=,Hh/KEB7Xh+Fhy/iYC/KyFFPrT2I=
4,-3,HRIm08LMT9TQKXbeVhoTUWB0DSk=,Hh/KEB7Xh+Fhy/iYC/KyFFPrT2I=
5,-3,HRIm08LMT9TQKXbeVhoTUWB0DSk=,Hh/KEB7Xh+Fhy/iYC/KyFFPrT2I=
3,-3,HRIm08LMT9TQKXbeVhoTUWB0DSk=,Hh/KEB7Xh+Fhy/iYC/KyFFPrT2I=
1,-3,HRIm08LMT9TQKXbeVhoTUWB0DSk=,Hh/KEB7Xh+Fhy/iYC/KyFFPrT2I=
2,-3,HRIm08LMT9TQKXbeVhoTUWB0DSk=,Hh/KEB7Xh+Fhy/iYC/KyFFPrT2I=
6,-8,HRIm08LMT9TQKXbeVhoTUWB0DSk=,Hh/KEB7Xh+Fhy/iYC/KyFFPrT2I=
0,-5,HRIm08LMT9TQKXbeVhoTUWB0DSk=,Hh/KEB7Xh+Fhy/iYC/KyFFPrT2I=
0,-3,HRIm08LMT9TQKXbeVhoTUWB0DSk=,Hh/KEB7Xh+Fhy/iYC/KyFFPrT2I=
5,-8,HRIm08LMT9TQKXbeVhoTUWB0DSk=,Hh/KEB7Xh+Fhy/iYC/KyFFPrT2I=
7,-4,HRIm08LMT9TQKXbeVhoTUWB0DSk=,Hh/KEB7Xh+Fhy/iYC/KyFFPrT2I=
7,-6,HRIm08LMT9TQKXbeVhoTUWB0DSk=,Hh/KEB7Xh+Fhy/iYC/KyFFPrT2I=
2,-7,HRIm08LMT9TQKXbeVhoTUWB0DSk=,Hh/KEB7Xh+Fhy/iYC/KyFFPrT2I=
6,-4,HRIm08LMT9TQKXbeVhoTUWB0DSk=,Hh/KEB7Xh+Fhy/iYC/KyFFPrT2I=
5,-4,HRIm08LMT9TQKXbeVhoTUWB0DSk=,Hh/KEB7Xh+Fhy/iYC/KyFFPrT2I=
4,-8,HRIm08LMT9TQKXbeVhoTUWB0DSk=,Hh/KEB7Xh+Fhy/iYC/KyFFPrT2I=
1,-8,HRIm08LMT9TQKXbeVhoTUWB0DSk=,Hh/KEB7Xh+Fhy/iYC/KyFFPrT2I=
0,-6,HRIm08LMT9TQKXbeVhoTUWB0DSk=,Hh/KEB7Xh+Fhy/iYC/KyFFPrT2I=
0,-8,HRIm08LMT9TQKXbeVhoTUWB0DSk=,Hh/KEB7Xh+Fhy/iYC/KyFFPrT2I=
4,-4,HRIm08LMT9TQKXbeVhoTUWB0DSk=,Hh/KEB7Xh+Fhy/iYC/KyFFPrT2I=
6,-6,HRIm08LMT9TQKXbeVhoTUWB0DSk=,Hh/KEB7Xh+Fhy/iYC/KyFFPrT2I=
2,-4,HRIm08LMT9TQKXbeVhoTUWB0DSk=,Hh/KEB7Xh+Fhy/iYC/KyFFPrT2I=
3,-4,HRIm08LMT9TQKXbeVhoTUWB0DSk=,Hh/KEB7Xh+Fhy/iYC/KyFFPrT2I=
1,-4,HRIm08LMT9TQKXbeVhoTUWB0DSk=,Hh/KEB7Xh+Fhy/iYC/KyFFPrT2I=
0,-4,HRIm08LMT9TQKXbeVhoTUWB0DSk=,Hh/KEB7Xh+Fhy/iYC/KyFFPrT2I=
6,-5,HRIm08LMT9TQKXbeVhoTUWB0DSk=,Hh/KEB7Xh+Fhy/iYC/KyFFPrT2I=
0,-1,HRIm08LMT9TQKXbeVhoTUWB0DSk=,Hh/KEB7Xh+Fhy/iYC/KyFFPrT2I=
5,-5,HRIm08LMT9TQKXbeVhoTUWB0DSk=,Hh/KEB7Xh+Fhy/iYC/KyFFPrT2I=
7,-5,HRIm08LMT9TQKXbeVhoTUWB0DSk=,Hh/KEB7Xh+Fhy/iYC/KyFFPrT2I=
